,0
0,https://ogn.theonion.com/archive-from-1986-can-the-human-mind-handle-the-sensor-1834893561
1,https://www.theonion.com/weather-map-1819590259
2,https://www.theonion.com/historical-archives-m-webster-s-new-dictionary-shal-1819570224
3,https://www.theonion.com/ask-a-slaughterhouse-killing-floor-worker-1819583250
4,https://local.theonion.com/local-merchant-sane-freddie-driven-out-of-business-1819563948
5,https://local.theonion.com/pet-eligibles-1819563945
6,https://www.theonion.com/my-seed-is-pure-1819583221
7,https://www.theonion.com/a-message-from-the-publisher-only-hoover-can-get-ameri-1819583226
8,https://www.theonion.com/either-hubby-ricks-wacky-acrylic-baseball-cap-collectio-1819583224
9,https://www.theonion.com/u-s-schools-unveil-new-tony-danza-based-curriculum-1819563947
10,https://www.theonion.com/atlanta-area-church-to-burn-ceremonially-throughout-oly-1819563940
11,https://www.theonion.com/sports-1819563943
12,https://www.theonion.com/israeli-government-found-to-be-in-league-with-jewry-1819586108
13,https://politics.theonion.com/clintons-head-sawed-off-1819586101
14,https://local.theonion.com/man-with-stupid-breaks-off-co-dependent-relationship-1819586100
15,https://www.theonion.com/faa-assures-public-air-travel-pretty-safe-1819586097
16,https://www.theonion.com/bill-gates-to-get-half-1819563950
17,https://www.theonion.com/bumbling-astronauts-caught-in-wacky-lunch-launch-mix-up-1819563944
18,https://local.theonion.com/young-olympic-hopeful-realizes-dream-of-killing-father-1819563960
19,https://politics.theonion.com/u-s-drug-czar-announces-im-higher-than-hell-right-now-1819563942
20,https://www.theonion.com/company-to-use-internet-to-waste-money-employees-time-1819563961
21,https://local.theonion.com/walnuts-improve-area-chicken-salad-1819563937
22,https://politics.theonion.com/bob-dole-for-windows-to-replace-bob-dole-4-0-1819563936
23,https://local.theonion.com/wltz-hartfords-number-one-choice-for-continuous-soft-hi-1819563934
24,https://www.theonion.com/hmo-targets-blacks-with-rapping-good-health-campaign-1819563941
25,https://politics.theonion.com/rock-the-vote-propels-metallica-to-senate-1819563935
26,https://entertainment.theonion.com/charlton-heston-gets-serious-1819563932
27,https://local.theonion.com/berserk-hairdresser-cuts-bangs-without-permission-1819563929
28,https://www.theonion.com/new-secretary-to-personalize-workspace-1819563933
29,https://www.theonion.com/teams-on-the-move-1819586094
30,https://www.theonion.com/a-message-from-the-publisher-gold-in-the-yukon-territo-1819583220
31,https://www.theonion.com/todays-kids-have-no-valor-1819583253
32,https://www.theonion.com/tyrannical-african-despot-installs-suggestion-box-1819563931
33,https://entertainment.theonion.com/quincy-suspects-murder-1819563927
34,https://www.theonion.com/science-fiction-fan-increases-suavity-with-trenchcoat-1819586096
35,https://entertainment.theonion.com/nuclear-threat-still-very-real-says-muhammad-ali-1819563924
36,https://local.theonion.com/loveless-union-ends-in-baby-1819563926
37,https://www.theonion.com/catholic-church-allows-gays-to-serve-as-altar-boys-1819563939
38,https://www.theonion.com/independent-investigation-special-olympics-fixed-1819563925
39,https://local.theonion.com/updated-recycling-guide-1819586093
40,https://local.theonion.com/compton-area-mother-warns-community-i-said-no-hitting-1819563930
41,https://politics.theonion.com/bob-dole-stuck-on-sandbar-1819563918
42,https://local.theonion.com/area-consumers-consume-area-1819563920
43,https://politics.theonion.com/a-child-for-the-clintons-1819586090
44,https://www.theonion.com/a-message-from-the-publisher-let-me-tell-you-a-thing-o-1819583225
45,https://www.theonion.com/ask-a-gut-shot-policeman-1819583235
46,https://www.theonion.com/vincenzo-brothers-give-federal-government-five-days-to-1819563919
47,https://www.theonion.com/shielding-uv-rays-1819586089
48,https://www.theonion.com/philip-morris-scientists-discover-pussy-lung-virus-1819563917
49,https://www.theonion.com/christian-theme-park-features-worlds-largest-spanking-m-1819563916
50,https://local.theonion.com/white-church-protected-from-fire-by-god-1819563914
51,https://local.theonion.com/area-loner-to-dwell-on-past-1819563910
52,https://www.theonion.com/sports-1819563909
53,https://www.theonion.com/weather-1819586087
54,https://local.theonion.com/man-with-flamethrower-waiting-for-appropriate-time-to-u-1819586106
55,https://entertainment.theonion.com/adorable-animated-hunchback-to-shove-self-down-area-thr-1819586085
56,https://www.theonion.com/scientists-discover-sun-is-made-of-hot-1819586099
57,https://local.theonion.com/area-veal-calf-is-totally-cramped-1819586103
58,https://www.theonion.com/dnr-warns-u-s-mayonnaise-reserves-dwindling-1819563908
59,https://politics.theonion.com/clinton-sold-1819563907
60,https://local.theonion.com/amish-give-up-1819563928
61,https://www.theonion.com/new-study-shows-progress-made-by-broads-1819563911
62,https://entertainment.theonion.com/entertainment-weekly-utilizes-pun-in-article-about-tom-1819563906
63,https://www.theonion.com/winning-fathers-day-essay-my-dad-beats-me-because-he-l-1819583227
64,https://local.theonion.com/childless-couple-adopts-dwarf-1819563913
65,https://www.theonion.com/what-do-you-think-1819586086
66,https://www.theonion.com/a-message-from-the-publisher-whats-so-wrong-with-inter-1819583239
67,https://www.theonion.com/an-open-letter-from-the-creator-of-olestra-to-fat-peopl-1819563923
68,https://www.theonion.com/bantu-tribesman-uses-ibm-global-uplink-network-modem-to-1819563905
69,https://www.theonion.com/minimum-wage-hike-1819586084
70,https://www.theonion.com/sports-1819563900
71,https://www.theonion.com/weather-1819586081
72,https://www.theonion.com/teen-study-bible-found-to-increase-fun-of-religion-by-1819586080
73,https://local.theonion.com/bi-curious-man-dials-1-900-number-1819586082
74,https://www.theonion.com/area-larva-celebrates-ascent-to-adulthood-with-bar-molt-1819586102
75,https://local.theonion.com/worlds-best-dad-has-worlds-worst-arteries-1819586083
76,https://politics.theonion.com/colorado-judge-imposes-ban-on-same-sex-friendships-1819563903
77,https://politics.theonion.com/clinton-breaks-off-talks-with-carpetland-1819563922
78,https://www.theonion.com/coping-with-gas-prices-1819586095
79,https://www.theonion.com/weather-week-of-may-14-1996-1819586079
80,https://entertainment.theonion.com/kathie-lees-children-1819586078
81,https://www.theonion.com/sigmund-freud-vs-sigfried-and-roy-1819586088
82,https://entertainment.theonion.com/hard-times-hit-springsteenville-1819563902
83,https://local.theonion.com/award-winning-news-team-keeps-southern-iowa-man-in-touc-1819563904
84,https://www.theonion.com/jews-covenant-up-for-renewal-with-god-1819563915
85,https://www.theonion.com/the-state-of-the-neighborhood-address-1819583232
86,https://politics.theonion.com/governor-approves-24-hour-waiting-period-for-women-vote-1819563921
87,https://local.theonion.com/fat-girl-euphemized-1819586077
88,https://www.theonion.com/doritos-celebrates-one-millionth-ingredient-1819563896
89,https://www.theonion.com/death-star-to-open-day-care-center-1819563895
90,https://local.theonion.com/heady-youth-expresses-individuality-with-ear-ring-1819563894
91,https://entertainment.theonion.com/real-life-twister-kills-117-1819563898
92,https://entertainment.theonion.com/zsa-zsa-or-eva-gabor-dead-1819563893
93,https://www.theonion.com/just-for-kids-1819586092
94,https://www.theonion.com/what-do-you-think-1819586091
95,https://local.theonion.com/how-will-we-honor-mom-1819586110
96,https://entertainment.theonion.com/unabomber-condemned-by-willie-tyler-lester-1819563899
97,https://www.theonion.com/san-diego-zoo-lays-off-2-000-animals-1819563912
98,https://politics.theonion.com/ronald-reagan-endorses-pill-lady-for-president-1819563892
99,https://www.theonion.com/egyptian-archaeological-team-discovers-25-year-old-grav-1819563901
100,https://politics.theonion.com/clinton-uses-power-of-make-believe-to-turn-bar-of-soap-1819563890
101,https://www.theonion.com/perky-canada-has-own-government-laws-1819563891
102,https://www.theonion.com/im-never-taking-the-bus-again-1819583219
103,https://www.theonion.com/ceo-has-female-sex-organs-1819563889
104,https://entertainment.theonion.com/june-mademoiselle-to-feature-ten-ways-to-flatten-your-t-1819563885
105,https://entertainment.theonion.com/home-improvement-announces-plans-to-suck-more-1819563884
106,https://entertainment.theonion.com/ira-hamas-sweep-1990-bombie-awards-1819586074
107,https://entertainment.theonion.com/reining-in-hollywood-budgets-1819586075
108,https://www.theonion.com/what-do-you-think-1819586067
109,https://www.theonion.com/bosnian-gum-company-introduces-new-war-flavored-gum-1819563886
110,https://www.theonion.com/will-somebody-please-lance-my-bloated-gut-1819583216
111,https://www.theonion.com/ask-a-navy-seal-1819583214
112,https://www.theonion.com/deforestation-complete-1819563887
113,https://www.theonion.com/dog-people-cat-people-1819563897
114,https://local.theonion.com/uptight-matron-enjoys-handful-of-pills-1819563888
115,https://entertainment.theonion.com/npr-s-new-format-to-feature-soft-spoken-white-guys-1819563882
116,https://www.theonion.com/bob-dole-makes-car-and-driver-10-best-list-1819563881
117,https://entertainment.theonion.com/quentin-tarantino-breaks-three-day-media-silence-1819586098
118,https://www.theonion.com/clinton-bleeds-to-death-1819586066
119,https://entertainment.theonion.com/willow-rented-1819586068
120,https://www.theonion.com/what-do-you-think-1819586064
121,https://www.theonion.com/clinton-seduced-by-suave-international-diamond-thief-1819563879
122,https://www.theonion.com/area-students-prepare-breasts-for-increased-springtime-1819563869
123,https://www.theonion.com/san-diego-zoo-acquires-chinese-man-1819563872
124,https://www.theonion.com/pope-loses-keys-to-vatican-city-1819563868
125,https://entertainment.theonion.com/meet-the-other-baldwin-brother-james-1819586063
126,https://local.theonion.com/smiley-scrubbing-bubbles-devour-area-child-1819586070
127,https://politics.theonion.com/improving-the-irs-tax-system-1819586072
128,https://entertainment.theonion.com/what-do-you-think-1819586055
129,https://entertainment.theonion.com/umabomber-captured-1819563877
130,https://www.theonion.com/spring-is-a-great-time-for-sex-1819563878
131,https://local.theonion.com/middle-management-prepares-for-operation-xerox-fax-1819563880
132,https://www.theonion.com/cholera-outbreak-makes-americans-glad-they-don-t-live-i-1819563867
133,https://entertainment.theonion.com/your-real-horoscope-1819563870
134,https://politics.theonion.com/hero-fireman-saves-child-trapped-in-bob-dole-1819563871
135,https://politics.theonion.com/federal-law-enforcement-officials-unveil-new-food-crime-1819563866
136,https://www.theonion.com/homo-sapiens-1819586054
137,https://www.theonion.com/american-cancer-society-unveils-1-2-megaton-anti-cancer-1819563876
138,https://www.theonion.com/stop-mocking-my-antennae-1819583213
139,https://politics.theonion.com/racist-figurines-march-on-washington-1819563875
140,https://politics.theonion.com/miss-america-called-before-u-n-council-for-not-promoti-1819563862
141,https://politics.theonion.com/clinton-unveils-re-election-platform-the-politics-of-d-1819586058
142,https://www.theonion.com/egypt-are-moses-jews-planning-a-pullout-1819586069
143,https://local.theonion.com/woman-gives-birth-to-own-son-1819586061
144,https://www.theonion.com/80-year-old-squirrel-demands-softer-nuts-1819586056
145,https://www.theonion.com/weather-map-1819586059
146,https://www.theonion.com/how-to-stretch-your-social-security-dollars-1819583215
147,https://www.theonion.com/area-man-collects-all-four-1819563874
148,https://local.theonion.com/mulatto-arrested-in-own-hate-crime-1819586062
149,https://www.theonion.com/the-middle-east-politically-unstable-1819586048
150,https://www.theonion.com/nursing-home-hosts-96-die-off-1819586051
151,https://local.theonion.com/what-do-you-think-1819586071
152,https://local.theonion.com/professor-deeply-hurt-by-students-evaluation-1819563861
153,https://www.theonion.com/point-counterpoint-humidity-1819563858
154,https://www.theonion.com/okay-i-admit-it-ive-got-oscar-on-the-brain-1819583217
155,https://www.theonion.com/castro-threatens-to-stop-sending-refugees-to-u-s-1819586052
156,https://www.theonion.com/tvs-thea-to-world-leaders-now-listen-honey-1819586076
157,https://www.theonion.com/owls-are-assholes-1819586050
158,https://www.theonion.com/sleep-a-great-way-to-meet-fairy-princesses-1819586057
159,https://www.theonion.com/what-do-you-think-1819586041
160,https://www.theonion.com/weather-map-1819586065
161,https://local.theonion.com/daredevil-produce-manager-to-attempt-largest-ever-plum-1819563860
162,https://local.theonion.com/scientists-trace-campus-wide-pussy-shortage-to-zbt-hous-1819563865
163,https://local.theonion.com/elderly-woman-to-teeter-quiver-1819563849
164,https://entertainment.theonion.com/king-of-pop-celebrates-30-years-of-bat-shit-insane-life-1819586038
165,https://entertainment.theonion.com/new-cartoon-the-incestsons-debuts-this-week-1819586044
166,https://www.theonion.com/like-boxes-of-shit-in-your-house-get-a-cat-1819586037
167,https://politics.theonion.com/area-white-headed-for-congress-1819586039
168,https://www.theonion.com/what-do-you-think-1819586046
169,https://local.theonion.com/worlds-longest-wall-completed-1819563873
170,https://politics.theonion.com/clinton-blown-away-1819563863
171,https://www.theonion.com/bosnian-cease-fire-celebrated-with-massive-ocean-animal-1819586060
172,https://local.theonion.com/everybodys-naming-they-babies-shawanda-1819586073
173,https://www.theonion.com/amtrak-to-face-japanese-bullet-train-in-crash-off-96-1819586047
174,https://local.theonion.com/area-trash-collector-is-stench-sational-1819586036
175,https://politics.theonion.com/what-do-you-think-1819586042
176,https://local.theonion.com/weather-map-1819586034
177,https://www.theonion.com/pr-firm-kills-innocent-child-1819563854
178,https://www.theonion.com/monk-gloats-over-yoga-championship-1819563855
179,https://local.theonion.com/114-year-old-attributes-longevity-to-sheer-random-chanc-1819563850
180,https://local.theonion.com/professional-advice-on-garden-hoe-usage-from-two-expert-1819586045
181,https://local.theonion.com/kansas-hosts-nothing-to-happen-here-96-1819586040
182,https://www.theonion.com/tic-tacs-free-of-ticks-tacks-1819586032
183,https://www.theonion.com/financial-news-due-to-computer-error-you-owe-the-onio-1819586043
184,https://politics.theonion.com/technicians-repair-doles-circuits-human-like-casing-fo-1819586033
185,https://www.theonion.com/what-do-you-think-1819586031
186,https://www.theonion.com/weather-map-1819586035
187,https://www.theonion.com/behold-the-magic-flying-man-1819563851
188,https://local.theonion.com/cop-kills-own-partner-vows-to-track-self-down-1819563853
189,https://entertainment.theonion.com/hugh-hefner-comes-out-of-retirement-changes-pajamas-g-1819586030
190,https://www.theonion.com/deadly-new-virus-found-to-be-real-squiggly-1819563848
191,https://www.theonion.com/jesus-free-after-killing-hooker-1819563856
192,https://local.theonion.com/local-harlot-exposes-face-neck-1819563847
193,https://www.theonion.com/evolution-to-occur-thursday-1819563857
194,https://local.theonion.com/crips-streamline-membership-application-process-1819563846
195,https://local.theonion.com/bronx-zoo-opens-new-loitering-teens-exhibit-1819563844
196,https://www.theonion.com/god-to-use-powers-for-evil-1819586029
197,https://www.theonion.com/its-raining-men-1819563837
198,https://www.theonion.com/massive-oil-spill-results-in-improved-wildlife-viscosit-1819563845
199,https://local.theonion.com/crazy-old-timer-wants-to-create-master-race-1819563840
200,https://local.theonion.com/area-freak-hides-in-cave-1819563839
201,https://politics.theonion.com/clinton-tagged-by-local-gang-1819563852
202,https://www.theonion.com/serbian-rape-camp-prisoners-fall-victim-to-tvs-bloopers-1819563838
203,https://www.theonion.com/jews-ordered-back-to-egypt-for-pyramid-duty-1819563843
204,https://local.theonion.com/fanzine-marred-by-typo-1819563841
205,https://politics.theonion.com/new-government-shutdown-caused-by-bat-in-capitol-1819563833
206,https://www.theonion.com/first-national-bank-announces-suckers-were-keeping-al-1819563842
207,https://www.theonion.com/troubled-teen-chooses-drugs-over-hug-1819563825
208,https://www.theonion.com/u-s-invades-vietnam-1819563823
209,https://www.theonion.com/vietnam-vets-admit-war-wasnt-that-bad-1819563828
210,https://www.theonion.com/inner-city-high-school-installs-ticking-time-bomb-as-li-1819563832
211,https://www.theonion.com/saturday-looks-terrible-for-busy-executive-1819563830
212,https://local.theonion.com/middle-class-suburbanites-fail-to-see-irony-in-their-li-1819563831
213,https://www.theonion.com/nasa-nears-completion-of-80-trillion-earth-sock-1819563836
214,https://local.theonion.com/corporate-merger-results-in-global-headshop-conglomerat-1819563827
215,https://www.theonion.com/enraged-gorilla-beats-maims-luggage-manufacturer-1819563826
216,https://politics.theonion.com/native-americans-ask-very-nicely-for-country-back-1819563824
217,https://local.theonion.com/single-rose-in-ghetto-park-bulldozed-1819563834
218,https://www.theonion.com/church-cancelled-due-to-lack-of-god-1819563819
219,https://www.theonion.com/billionaires-demand-more-federal-scrutiny-1819563816
220,https://www.theonion.com/merry-christmas-advertisers-rot-in-hell-readers-1819563808
221,https://www.theonion.com/family-enjoys-winter-wonderland-in-own-home-1819563805
222,https://local.theonion.com/new-report-drug-use-down-among-uncool-kids-1819563829
223,https://entertainment.theonion.com/nine-drawn-and-quartered-at-renaissance-fair-1819563810
224,https://www.theonion.com/president-bill-climpton-1819563797
225,https://www.theonion.com/bosnian-child-makes-fun-art-project-with-mothers-skull-1819563807
226,https://www.theonion.com/area-teens-wed-horrible-life-awaits-pair-1819563811
227,https://local.theonion.com/police-unimpressed-with-rooftop-sniper-1819563821
228,https://www.theonion.com/fly-on-majestic-falcon-1819563799
229,https://entertainment.theonion.com/congress-hires-drummer-1819563818
230,https://www.theonion.com/new-study-books-dont-take-you-anywhere-1819563809
231,https://www.theonion.com/point-counterpoint-reservoir-dogs-1819563796
232,https://www.theonion.com/hobo-clown-slaughters-pig-sidekick-1819563820
233,https://www.theonion.com/university-purchased-by-menacing-baron-1819563813
234,https://local.theonion.com/student-slacks-off-due-to-post-coital-lethargy-1819563806
235,https://www.theonion.com/hey-ruperd-murdach-go-back-to-austria-1819563795
236,https://politics.theonion.com/snotty-teenage-girls-convene-for-world-summit-1819563814
237,https://www.theonion.com/crazy-rat-will-do-anything-to-survive-1819563802
238,https://www.theonion.com/government-issues-citizens-official-screw-you-packet-1819563791
239,https://local.theonion.com/shaggy-dog-too-late-to-cheer-up-dying-boy-1819563822
240,https://local.theonion.com/area-beatnik-digs-that-crazy-bebop-1819563804
241,https://www.theonion.com/hip-new-alternative-band-has-one-word-one-syllable-nam-1819563803
242,https://www.theonion.com/weaned-1819563817
243,https://www.theonion.com/police-to-pillage-terrify-community-1819563800
244,https://www.theonion.com/drunken-man-makes-interesting-point-about-society-1819563812
245,https://local.theonion.com/chess-prodigy-gives-up-game-after-getting-laid-1819563815
246,https://www.theonion.com/drunk-of-the-week-1819563801
247,https://www.theonion.com/cultural-idiocy-quiz-1819563794
248,https://entertainment.theonion.com/sonic-booms-1819563789
249,https://www.theonion.com/saturday-morning-live-is-a-comedic-masterpiece-1819583229
250,https://local.theonion.com/professor-to-publish-book-1819563793
251,https://www.theonion.com/friction-must-be-eliminated-1819583212
252,https://local.theonion.com/highbrow-student-apartments-offer-authentic-east-coast-1819563798
253,https://www.theonion.com/the-onions-weekly-campus-crime-roundup-1819563788
254,https://local.theonion.com/loveliest-buses-compete-for-the-crown-in-city-wide-bus-1819563792
255,https://entertainment.theonion.com/your-real-horoscope-1819563790
